-- phpMyAdmin SQL Dump
-- version 4.5.1
-- http://www.phpmyadmin.net
--
-- Host: 127.0.0.1
-- Generation Time: Nov 12, 2017 at 09:28 PM
-- Server version: 10.1.19-MariaDB
-- PHP Version: 7.0.9

SET SQL_MODE = "NO_AUTO_VALUE_ON_ZERO";
SET time_zone = "+00:00";


/*!40101 SET @OLD_CHARACTER_SET_CLIENT=@@CHARACTER_SET_CLIENT */;
/*!40101 SET @OLD_CHARACTER_SET_RESULTS=@@CHARACTER_SET_RESULTS */;
/*!40101 SET @OLD_COLLATION_CONNECTION=@@COLLATION_CONNECTION */;
/*!40101 SET NAMES utf8mb4 */;

--
-- Database: `phpclassfall2017`
--
CREATE DATABASE IF NOT EXISTS `phpclassfall2017` DEFAULT CHARACTER SET latin1 COLLATE latin1_swedish_ci;
USE `phpclassfall2017`;

-- --------------------------------------------------------

--
-- Table structure for table `actors`
--

DROP TABLE IF EXISTS `actors`;
CREATE TABLE `actors` (
  `id` int(10) UNSIGNED NOT NULL,
  `firstname` varchar(250) COLLATE utf8_unicode_ci NOT NULL,
  `lastname` varchar(250) COLLATE utf8_unicode_ci NOT NULL,
  `dob` varchar(25) COLLATE utf8_unicode_ci NOT NULL,
  `height` varchar(100) COLLATE utf8_unicode_ci NOT NULL
) ENGINE=InnoDB DEFAULT CHARSET=utf8 COLLATE=utf8_unicode_ci;

--
-- Dumping data for table `actors`
--

INSERT INTO `actors` (`id`, `firstname`, `lastname`, `dob`, `height`) VALUES
(1, 'Arnold', 'Schwarzenegger ', '6&#39; 2&#34;', ''),
(2, 'Jean-Claude ', 'Van Damme ', '5&#39; 10&#34;', ''),
(3, 'Maria', 'Bravo', '4&#39;7&#34;', ''),
(4, 'Freddy', 'Highmoe', '5&#39;10&#34;', ''),
(5, 'Robin', 'Williams', '5&#39;7&#34;', '');

-- --------------------------------------------------------

--
-- Table structure for table `corps`
--

DROP TABLE IF EXISTS `corps`;
CREATE TABLE `corps` (
  `id` mediumint(8) UNSIGNED NOT NULL,
  `corp` varchar(255) DEFAULT NULL,
  `incorp_dt` varchar(255) DEFAULT NULL,
  `email` varchar(255) DEFAULT NULL,
  `zipcode` varchar(10) DEFAULT NULL,
  `owner` varchar(255) DEFAULT NULL,
  `phone` varchar(100) DEFAULT NULL
) ENGINE=InnoDB DEFAULT CHARSET=latin1;

--
-- Dumping data for table `corps`
--

INSERT INTO `corps` (`id`, `corp`, `incorp_dt`, `email`, `zipcode`, `owner`, `phone`) VALUES
(15, 'Magnis Dis Parturient Associates', '2016-07-25 15:08:56', 'libero@aneque.com', '25911', 'Anastasia Fields', '(200) 633-6471'),
(16, 'Tincidunt Company', '2016-05-28 06:03:47', 'tincidunt@nec.com', '37345', 'Jacob Cole', '(468) 227-0300'),
(17, 'Eu Ultrices Sit Institute', '2014-12-15 02:48:23', 'molestie@velit.org', '24866', 'Finn Phillips', '(346) 604-9607'),
(18, 'Nunc Consulting', '2015-07-27 07:21:36', 'Donec.porttitor@posuereenim.com', '91466', 'Alice Calderon', '(373) 130-3056'),
(19, 'Sem Pellentesque Ut Inc.', '2014-12-12 20:47:08', 'purus.ac.tellus@Nulla.ca', '70033', 'Kirestin Herring', '(896) 944-1756'),
(20, 'Fusce Limited', '2014-11-18 06:30:43', 'et.magnis.dis@Donec.org', '16892', 'Vielka Manning', '(299) 729-8594'),
(21, 'Sem Egestas Blandit LLC', '2015-07-26 12:50:55', 'dolor@vulputateduinec.edu', '75783', 'Quyn Whitfield', '(583) 999-5184'),
(22, 'Metus Aenean LLP', '2015-03-22 06:34:45', 'auctor@elitpede.co.uk', '56685', 'Barry Bryan', '(833) 979-0609'),
(23, 'Mi Pede Nonummy Institute', '2015-01-25 02:18:25', 'natoque.penatibus.et@Curabiturdictum.org', '96833', 'Nora Poole', '(493) 455-3431'),
(24, 'Egestas Ligula Nullam Associates', '2014-09-30 09:35:14', 'arcu@egestas.co.uk', '32504', 'Rhonda Key', '(554) 590-8054'),
(25, 'Laoreet Libero Industries', '2016-06-24 16:15:32', 'Praesent.eu@habitantmorbi.ca', '74067', 'Zeus Gay', '(137) 192-2133'),
(26, 'Egestas Corp.', '2015-05-21 14:37:39', 'Cras@Nunclectuspede.org', '67541', 'Roary Alvarez', '(179) 893-9016'),
(27, 'Arcu Eu Corp.', '2014-10-01 22:34:58', 'tincidunt@idmollisnec.com', '41583', 'Ainsley Cervantes', '(468) 130-2667'),
(28, 'Tellus Limited', '2016-07-04 06:57:25', 'semper.dui@nisi.com', '50230', 'Cleo Price', '(171) 681-5708'),
(29, 'Erat Eget LLC', '2015-02-04 04:13:22', 'Sed.et.libero@penatibusetmagnis.edu', '30147', 'Chloe Noel', '(215) 643-2868'),
(30, 'Praesent Eu PC', '2015-10-04 18:29:01', 'turpis.egestas@Donec.com', '46540', 'Ulla Burgess', '(126) 522-5355'),
(31, 'Pede Associates', '2015-09-12 04:41:46', 'ac@pretiumneque.ca', '38957', 'Raven Randall', '(466) 545-1167'),
(32, 'Velit LLC', '2015-09-21 23:03:56', 'Sed.auctor.odio@nec.ca', '83526', 'Mufutau Hunter', '(305) 868-3851'),
(33, 'In Associates', '2015-02-21 07:08:22', 'orci.Ut@lectus.ca', '93600', 'Cheryl Maldonado', '(938) 667-6760'),
(34, 'Est Incorporated', '2015-12-22 10:59:56', 'parturient.montes.nascetur@Praesent.org', '69186', 'Hector Mcgee', '(627) 184-9762'),
(35, 'Phasellus Elit Pede Ltd', '2015-10-25 01:18:46', 'ut@lacus.com', '95460', 'Dorothy Richardson', '(255) 588-1425'),
(36, 'Amet Industries', '2016-01-20 02:22:44', 'Aenean.euismod.mauris@ipsumprimis.ca', '42876', 'Madeson Kerr', '(707) 159-9470'),
(37, 'Sagittis Nullam Limited', '2015-06-03 13:19:32', 'lacinia@ullamcorpervelitin.net', '71023', 'Christine Lester', '(120) 612-9697'),
(38, 'Venenatis Vel Corporation', '2016-04-23 12:31:14', 'velit@nisiCum.org', '56146', 'Whilemina Turner', '(748) 745-3684'),
(39, 'Ut PC', '2015-06-06 03:03:24', 'lobortis.quam@ipsumcursusvestibulum.co.uk', '34381', 'Maya Pittman', '(934) 286-0203'),
(40, 'Sollicitudin Orci Sem Corp.', '2015-07-17 21:12:32', 'parturient.montes@Integermollis.com', '26951', 'Robert Jefferson', '(180) 873-6852'),
(41, 'Curabitur Company', '2016-02-01 11:17:41', 'felis.Donec.tempor@pedenec.co.uk', '46557', 'Risa Fitzgerald', '(268) 522-6673'),
(42, 'Diam Limited', '2016-07-16 08:50:57', 'in.felis.Nulla@natoquepenatibus.net', '77028', 'Oprah Key', '(905) 394-5799'),
(43, 'Porttitor LLP', '2014-09-26 03:50:18', 'id@nectempus.org', '85718', 'Debra Bishop', '(469) 649-0433'),
(44, 'Convallis In Foundation', '2015-06-07 00:28:48', 'tristique.ac.eleifend@a.org', '49950', 'Madeline Terrell', '(923) 489-3444'),
(45, 'Ac Risus PC', '2014-09-24 06:39:09', 'imperdiet@egetodioAliquam.edu', '73472', 'Winter Pugh', '(732) 295-7568'),
(46, 'Dis Parturient Montes Incorporated', '2015-07-07 11:33:58', 'auctor.velit.Aliquam@Vivamus.edu', '34632', 'Kalia Michael', '(374) 360-1040'),
(47, 'Lobortis Quam Consulting', '2015-11-19 10:11:09', 'Aliquam@duiFusce.net', '83460', 'Noel Wilder', '(605) 490-8886'),
(48, 'Congue Turpis In Foundation', '2016-06-15 18:13:09', 'In@magnisdisparturient.net', '74970', 'Sacha Harrison', '(914) 761-7252'),
(49, 'Parturient Montes Consulting', '2016-02-07 01:03:10', 'leo@lacusEtiam.com', '38599', 'Megan Clements', '(551) 781-7348'),
(50, 'Nisi PC', '2016-03-15 12:21:22', 'amet.metus@etultricesposuere.ca', '94061', 'Imogene Hernandez', '(141) 592-5495'),
(51, 'Morbi Vehicula Incorporated', '2014-11-13 13:21:53', 'tempus@ametorciUt.com', '84215', 'Jonah Grimes', '(461) 274-9610'),
(52, 'Aliquet Consulting', '2016-01-29 03:28:25', 'ligula.Aenean.euismod@eunequepellentesque.edu', '98563', 'Iola Brennan', '(699) 862-4288'),
(53, 'Fames Ac Turpis Ltd', '2014-12-03 15:59:27', 'ornare.lectus@venenatis.net', '75158', 'Charity Dyer', '(374) 864-3774'),
(54, 'Hendrerit A LLC', '2015-06-19 18:59:39', 'lobortis@tempor.net', '38442', 'Melodie Bryan', '(510) 146-1652'),
(55, 'Proin Corp.', '2016-05-18 05:05:46', 'convallis.dolor.Quisque@turpisIn.org', '50628', 'Branden Nolan', '(273) 715-4979'),
(56, 'Augue PC', '2015-06-12 18:55:33', 'non.arcu.Vivamus@quisdiam.co.uk', '74142', 'Tad Kirk', '(745) 490-4575'),
(57, 'Eu Neque Pellentesque Foundation', '2014-09-17 12:32:33', 'Vivamus.nibh.dolor@Nuncullamcorpervelit.net', '92867', 'Susan Boyer', '(112) 121-1593'),
(58, 'Luctus Inc.', '2016-02-23 12:39:21', 'sed.est.Nunc@ligulaNullam.org', '15147', 'Gage Frazier', '(126) 140-8255'),
(59, 'Eu Erat Semper LLC', '2015-11-02 10:01:52', 'mauris.Integer@Praesenteu.net', '22235', 'Carolyn Travis', '(303) 937-3100'),
(60, 'Quisque Varius Company', '2016-01-29 16:50:55', 'orci.Ut.sagittis@dui.com', '77675', 'Kendall Witt', '(975) 220-4279'),
(61, 'Pharetra LLP', '2016-02-07 17:29:32', 'ac@pretiumaliquetmetus.ca', '31254', 'Bethany Black', '(329) 322-0160'),
(62, 'Donec Tempus Lorem LLP', '2015-08-16 19:06:44', 'tristique@interdumligula.net', '62396', 'Lila Foreman', '(529) 777-4726'),
(63, 'Nisl Inc.', '2016-03-23 09:00:19', 'Suspendisse.eleifend.Cras@adipiscingligulaAenean.com', '19241', 'Gannon Klein', '(316) 563-4587'),
(64, 'Velit Incorporated', '2015-02-22 14:40:49', 'tincidunt.vehicula@egestas.edu', '23611', 'Dominique Gray', '(860) 840-3830'),
(65, 'Proin Ltd', '2016-04-30 01:05:29', 'lobortis@placeratCrasdictum.com', '20643', 'Britanney Suarez', '(639) 821-9474'),
(66, 'Non Lacinia Foundation', '2015-03-16 23:53:45', 'sit.amet.ultricies@tempor.edu', '43883', 'Sophia Marsh', '(717) 413-8189'),
(67, 'Enim Diam Corporation', '2014-10-08 02:07:18', 'Proin@etnetus.edu', '79896', 'Hayley Diaz', '(286) 694-3837'),
(68, 'Ac Feugiat Non Industries', '2014-12-13 16:46:13', 'Maecenas.iaculis.aliquet@quisaccumsan.ca', '60928', 'Isabella Bernard', '(148) 771-8890'),
(69, 'In Limited', '2016-01-29 03:09:16', 'ante@odiovelest.ca', '53316', 'Sasha Huff', '(914) 789-3095'),
(70, 'Et PC', '2015-02-26 10:25:26', 'ultricies.ornare@sit.ca', '17502', 'Hadassah Ochoa', '(919) 898-2413'),
(71, 'Montes PC', '2016-02-28 18:01:57', 'vestibulum.neque.sed@Fusce.com', '98306', 'Blake Romero', '(535) 497-9894'),
(72, 'Placerat Eget Incorporated', '2015-09-05 21:39:43', 'ac.orci@Duisat.net', '69677', 'Lacey Sexton', '(789) 632-6112'),
(73, 'Duis A Company', '2015-06-25 09:43:56', 'Phasellus@metus.edu', '82446', 'Kirk Hopkins', '(479) 718-4355'),
(74, 'Ac Turpis Egestas Foundation', '2015-05-21 02:13:00', 'iaculis.nec@tinciduntvehicula.net', '63971', 'Jescie Barry', '(318) 269-8113'),
(75, 'Sit Corp.', '2016-02-16 03:43:37', 'ornare@acarcu.edu', '25983', 'Abra Heath', '(898) 619-5333'),
(76, 'Aliquet Nec Foundation', '2015-10-08 07:52:13', 'luctus@magnatellus.net', '45589', 'Quon Kent', '(508) 679-3903'),
(77, 'Vitae Corporation', '2014-09-03 03:19:32', 'a.purus.Duis@convallis.org', '35212', 'Vincent Mays', '(174) 600-7944'),
(78, 'Blandit At Limited', '2016-07-09 14:15:28', 'dolor.Nulla.semper@ametrisus.co.uk', '29292', 'Byron Valentine', '(473) 370-1174'),
(79, 'Mi Foundation', '2014-09-19 14:54:37', 'Nam.ligula@parturientmontesnascetur.edu', '95002', 'Sheila Robles', '(773) 131-9834'),
(80, 'Ultricies Dignissim Lacus Industries', '2016-07-09 19:01:32', 'Integer.mollis@Duis.co.uk', '57217', 'Yasir Hardin', '(510) 335-2052'),
(81, 'Rutrum Magna Institute', '2014-09-07 14:19:53', 'lorem.semper.auctor@arcu.net', '79579', 'Zephr Lamb', '(354) 940-6236'),
(82, 'Orci PC', '2015-06-25 09:01:52', 'metus@elitpede.org', '26067', 'Joel Strickland', '(724) 758-0317'),
(83, 'A Nunc In Corporation', '2015-01-06 17:59:36', 'penatibus.et.magnis@netusetmalesuada.com', '35816', 'Ingrid Goodwin', '(321) 971-5653'),
(84, 'Nam Interdum Incorporated', '2015-05-08 17:07:48', 'leo@Nunc.edu', '88778', 'Wylie Stanton', '(563) 518-6200'),
(85, 'Eu Tempor Erat Incorporated', '2015-05-13 13:44:51', 'nisl@leoMorbineque.edu', '19739', 'Macy Haley', '(166) 311-5741'),
(86, 'Magnis Industries', '2016-01-18 04:01:41', 'ultricies.ornare.elit@nislQuisque.net', '65686', 'Claire Espinoza', '(990) 419-6874'),
(87, 'Maecenas Libero Est Ltd', '2016-03-03 03:08:28', 'sit.amet.risus@nonquamPellentesque.co.uk', '51008', 'Serena Olsen', '(186) 853-6142'),
(88, 'Class Aptent LLC', '2015-08-01 12:11:13', 'penatibus@adipiscinglobortisrisus.co.uk', '59616', 'Geraldine Padilla', '(795) 188-4586'),
(89, 'Mauris Incorporated', '2015-02-03 13:55:33', 'tristique.senectus@duisemper.com', '66551', 'Rina Munoz', '(259) 234-3714'),
(90, 'Diam Associates', '2015-10-03 01:26:07', 'Sed.congue@viverra.com', '18491', 'Regina Acevedo', '(425) 730-5688'),
(91, 'Nunc Id Ltd', '2015-04-15 22:23:35', 'dolor.dolor.tempus@atiaculis.net', '40683', 'Quyn Weeks', '(988) 900-5160'),
(92, 'Placerat Foundation', '2015-10-06 12:56:33', 'Quisque.porttitor.eros@necmollis.com', '69704', 'Lionel Dean', '(916) 843-3857'),
(93, 'Et Risus Quisque Company', '2015-12-31 08:13:46', 'adipiscing@egetvenenatis.ca', '69358', 'Aphrodite Horn', '(211) 946-5836'),
(94, 'Ut Nec PC', '2016-07-30 14:37:27', 'dictum@elitNullafacilisi.com', '12078', 'Madonna Casey', '(966) 455-9954'),
(95, 'Consequat Enim LLP', '2014-10-24 07:22:31', 'at.arcu@odiosagittis.edu', '97848', 'Medge Miles', '(280) 542-2949'),
(96, 'Parturient Montes Nascetur LLC', '2014-09-02 04:42:25', 'neque@Suspendissedui.com', '87534', 'Florence Atkinson', '(124) 178-0695'),
(97, 'Vehicula Risus Nulla PC', '2015-08-28 15:30:24', 'non.dapibus.rutrum@ultrices.com', '67496', 'Bruce Nichols', '(115) 319-3519'),
(98, 'Malesuada Corp.', '2015-05-06 13:14:47', 'congue.a.aliquet@famesac.org', '67201', 'Gray Roberson', '(385) 695-2879'),
(99, 'Odio Vel Est LLP', '2015-02-26 21:52:25', 'tristique.pharetra@lacusQuisqueimperdiet.net', '93470', 'Jolie Barton', '(742) 818-6378'),
(100, 'Eu Tempor Inc.', '2015-02-12 00:38:12', 'nascetur.ridiculus@luctus.org', '82479', 'Kyle Mejia', '(241) 578-5052'),
(110, 'Disney', '2017-10-25 10:34:29', 'Whee', '12345', 'Doland', '123456'),
(111, 'Elcor', '2017-10-25 13:26:01', 'Mass', '222-222-22', '1111', 'Oakman'),
(112, 'Widgets Inc', '2017-10-25 18:26:15', 'Wonderful@asite.com', '03456', 'Mr Anderson', '555-555-5555'),
(120, 'Joe&#39;s Place', '2017-10-25 19:09:05', 'joe@joe.joe', 'Tom', '123-456-7890', '12345'),
(126, 'Corp', '2017-11-03 13:32:22', 'Email', 'Owner', 'Owner', 'Phone'),
(131, 'Nametest', '2017-11-04 13:07:00', 'Emailtest2', 'Ziptest2', 'OwnerTest2', 'Phonetest2');

-- --------------------------------------------------------

--
-- Table structure for table `sitelinks`
--

DROP TABLE IF EXISTS `sitelinks`;
CREATE TABLE `sitelinks` (
  `site_id` int(11) NOT NULL,
  `link` varchar(255) COLLATE utf8_bin NOT NULL
) ENGINE=InnoDB DEFAULT CHARSET=utf8 COLLATE=utf8_bin;

--
-- Dumping data for table `sitelinks`
--

INSERT INTO `sitelinks` (`site_id`, `link`) VALUES
(1, 'http://schema.org/WebPage'),
(1, 'https://ssl.gstatic.com/gb/images/b_8d5afc09.png'),
(1, 'https://ssl.gstatic.com/gb/images/b8_3615d64d.png'),
(1, 'https://apis.google.com'),
(1, 'https://plusone.google.com/u/0'),
(1, 'https://ssl.gstatic.com/gb/images/silhouette_24.png'),
(1, 'https://ssl.gstatic.com/gb/images/silhouette_96.png'),
(1, 'https://www.google.com/webhp'),
(1, 'http://www.google.com/imghp'),
(1, 'http://maps.google.com/maps'),
(1, 'https://play.google.com/'),
(1, 'http://www.youtube.com/'),
(1, 'http://news.google.com/nwshp'),
(1, 'https://mail.google.com/mail/'),
(1, 'https://drive.google.com/'),
(1, 'https://www.google.com/intl/en/options/'),
(1, 'https://www.google.com/calendar'),
(1, 'http://translate.google.com/'),
(1, 'http://www.google.com/mobile/'),
(1, 'https://books.google.com/bkshp'),
(1, 'https://wallet.google.com/'),
(1, 'http://www.google.com/shopping'),
(1, 'http://www.blogger.com/'),
(1, 'http://www.google.com/finance'),
(1, 'https://photos.google.com/'),
(1, 'http://video.google.com/'),
(1, 'https://docs.google.com/document/'),
(1, 'https://accounts.google.com/ServiceLogin'),
(1, 'http://www.google.com/'),
(1, 'http://www.google.com/preferences'),
(1, 'http://www.google.com/history/optout'),
(1, 'https://plus.google.com/116899029375914044550'),
(2, 'http://www.cnn.com'),
(2, 'http://edition.cnn.com'),
(2, 'https://plus.google.com/'),
(2, 'http://segment-data-us-east.zqtk.net/turner-47fcf6'),
(2, 'http://www.cnn.com/css/2.48.2/global.css'),
(2, 'http://www.cnn.com/css/2.48.2/pages/page.css'),
(2, 'http://go.cnn.com/'),
(2, 'http://cnn.it/go'),
(2, 'http://www.i.cdn.cnn.com/.a/2.48.2'),
(2, 'http://s3.amazonaws.com/cnn-sponsored-content'),
(2, 'http://data.cnn.com'),
(2, 'http://us.cnn.com'),
(2, 'https://bulletin.cnn.com/api/v1/subscribe/'),
(2, 'https://alertshub.cnn.com/distributionhub'),
(2, 'http://searchapp.cnn.com/search/query.jsp'),
(2, 'https://audience.cnn.com/services/cnn'),
(2, 'https://www.microsoft.com/en-us/download/details.aspx'),
(2, 'http://localhost.cnn.com'),
(2, 'https://get.adobe.com/flashplayer/'),
(2, 'http://money.cnn.com'),
(2, 'http://money.cnn.com/technology'),
(2, 'http://cnn.it/go2'),
(2, 'http://arabic.cnn.com'),
(2, 'http://cnnespanol.cnn.com/'),
(2, 'http://money.cnn.com/data/markets/'),
(2, 'http://money.cnn.com/technology/'),
(2, 'http://money.cnn.com/media/'),
(2, 'http://money.cnn.com/pf/'),
(2, 'http://money.cnn.com/luxury/'),
(2, 'http://money.cnn.com/media'),
(2, 'http://money.cnn.com/technology/business'),
(2, 'http://money.cnn.com/technology/culture'),
(2, 'http://money.cnn.com/technology/gadgets'),
(2, 'http://money.cnn.com/technology/future'),
(2, 'http://money.cnn.com/technology/startups'),
(2, 'https://www.turnerjobs.com/search-jobs'),
(2, 'https://www.facebook.com/cnn'),
(2, 'https://twitter.com/cnn'),
(2, 'https://instagram.com/cnn'),
(2, 'http://www.cnn.com/specials/politics/president-donald-trump-45'),
(2, 'http://www.cnn.com/2017/11/09/politics/donald-trump-vladimir-putin-vietnam/index.html'),
(2, 'http://www.cnn.com/profiles/jake-tapper-profile'),
(2, 'http://www.cnn.com/2017/09/18/politics/donald-trump-un-speech-iran-north-korea/index.html'),
(2, 'http://www.cnn.com/2017/11/11/us/texas-shooter-first-wife-speaks/index.html'),
(2, 'http://www.cnn.com/2017/11/06/us/texas-church-shooting-victims-list/index.html'),
(2, 'http://www.cnn.com/videos/health/2015/09/18/what-is-legionnaires-disease.cnn'),
(2, 'https://www.today.com/megyn-kelly-today'),
(2, 'http://www.cnn.com/shows/jeremiah-tower-film'),
(2, 'https://mailcar.cnn.com/api/v1/'),
(2, 'http://www.turner.com'),
(2, 'http://cnnnewsource.com'),
(3, 'http://static.bbci.co.uk/frameworks/barlesque/3.21.31/orb/4/style/orb.min.css'),
(3, 'http://static.bbci.co.uk/frameworks/barlesque/3.21.31/orb/4/style/orb-ie.min.css'),
(3, 'http://static.bbci.co.uk/frameworks/requirejs/lib.js'),
(3, 'http://static.bbci.co.uk/frameworks/jquery/0.4.1/sharedmodules/jquery-1.7.2'),
(3, 'http://static.bbci.co.uk/frameworks/jquery/0.4.1/sharedmodules/jquery-1.4'),
(3, 'http://static.bbci.co.uk/frameworks/jquery/0.4.1/sharedmodules/jquery-1.9.1'),
(3, 'http://static.bbci.co.uk/frameworks/jquery/0.4.1/sharedmodules/jquery-1.12.0.min'),
(3, 'http://static.bbci.co.uk/frameworks/jquery/0.4.1/sharedmodules/jquery-2.2.0.min'),
(3, 'http://static.bbci.co.uk/frameworks/swfobject/0.1.10/sharedmodules/swfobject-2'),
(3, 'http://static.bbci.co.uk/frameworks/demi/0.10.1/sharedmodules/demi-1'),
(3, 'http://static.bbci.co.uk/frameworks/gelui/0.9.13/sharedmodules/gelui-1'),
(3, 'http://static.bbci.co.uk/frameworks/gelui/0.9.13/sharedmodules/gelui-1/overlay.css'),
(3, 'http://static.bbci.co.uk/frameworks/relay/0.2.6/sharedmodules/relay-1'),
(3, 'http://static.bbci.co.uk/frameworks/clock/0.1.9/sharedmodules/clock-1'),
(3, 'http://static.bbci.co.uk/frameworks/clock/0.1.9/sharedmodules/canvas-clock-1'),
(3, 'http://static.bbci.co.uk/frameworks/clock/0.1.9/sharedmodules/clock-1.css'),
(3, 'http://static.bbci.co.uk/frameworks/jssignals/0.3.6/modules/jssignals-1'),
(3, 'http://static.bbci.co.uk/frameworks/jcarousel/0.1.10/modules/jcarousel-1'),
(3, 'http://static.bbci.co.uk/wwhp/1.117.0/modules/ads'),
(3, 'http://static.bbci.co.uk/wwhp/1.117.0/modules/app'),
(3, 'http://static.bbci.co.uk/wwhp/1.117.0/modules/compiled'),
(3, 'http://static.bbci.co.uk/wwhp/1.117.0/modules/definejs'),
(3, 'http://static.bbci.co.uk/wwhp/1.117.0/modules/homepage'),
(3, 'http://static.bbci.co.uk/wwhp/1.117.0/modules/lib/core'),
(3, 'http://static.bbci.co.uk/wwhp/1.117.0/modules/lib/module/base'),
(3, 'http://static.bbci.co.uk/wwhp/1.117.0/modules/lib/module/manager'),
(3, 'http://static.bbci.co.uk/wwhp/1.117.0/modules/lib/timeInterval'),
(3, 'http://static.bbci.co.uk/wwhp/1.117.0/modules/lib/util'),
(3, 'http://static.bbci.co.uk/wwhp/1.117.0/modules/modules/header'),
(3, 'http://static.bbci.co.uk/wwhp/1.117.0/modules/modules/images'),
(3, 'http://static.bbci.co.uk/wwhp/1.117.0/modules/modules/media'),
(3, 'http://static.bbci.co.uk/wwhp/1.117.0/modules/modules/video'),
(3, 'http://static.bbci.co.uk/wwhp/1.117.0/modules/modules/video/dataProvider'),
(3, 'http://static.bbci.co.uk/wwhp/1.117.0/modules/modules/video/player'),
(3, 'http://static.bbci.co.uk/wwhp/1.117.0/modules/modules/video/playlist'),
(3, 'http://static.bbci.co.uk/wwhp/1.117.0/modules/modules/video/playlistBuilder'),
(3, 'http://static.bbci.co.uk/wwhp/1.117.0/modules/modules/weather'),
(3, 'http://static.bbci.co.uk/wwhp/1.117.0/modules/vendor/bower/cookie-monster/cookie-monster'),
(3, 'http://static.bbci.co.uk/wwhp/1.117.0/modules/vendor/bower/fastclick/fastclick'),
(3, 'http://static.bbci.co.uk/wwhp/1.117.0/modules/vendor/bower/happens/index'),
(3, 'http://static.bbci.co.uk/wwhp/1.117.0/modules/vendor/bower/html5shiv/html5shiv'),
(3, 'http://static.bbci.co.uk/wwhp/1.117.0/modules/vendor/bower/imager.js/Imager'),
(3, 'http://static.bbci.co.uk/wwhp/1.117.0/modules/vendor/bower/jquery/jquery'),
(3, 'http://static.bbci.co.uk/wwhp/1.117.0/modules/vendor/bower/js-breakpoints/breakpoints'),
(3, 'http://static.bbci.co.uk/wwhp/1.117.0/modules/vendor/bower/modernizr/modernizr'),
(3, 'http://static.bbci.co.uk/wwhp/1.117.0/modules/vendor/bower/moment/moment'),
(3, 'http://static.bbci.co.uk/wwhp/1.117.0/modules/vendor/bower/promise-polyfill/Promise'),
(3, 'http://static.bbci.co.uk/wwhp/1.117.0/modules/vendor/bower/slick.js/slick'),
(3, 'http://static.bbci.co.uk/wwhp/1.117.0/modules/vendor/bower/slick.js/slick.min'),
(3, 'http://static.bbci.co.uk/wwhp/1.117.0/modules/vendor/bower/squire/Squire'),
(3, 'http://static.bbci.co.uk/wwhp/1.117.0/modules/vendor/bower/underscore/underscore'),
(3, 'http://static.bbci.co.uk/wwhp/1.117.0/modules/vendor/pre-built/bbc-video-experience/continuousPlay/module'),
(3, 'http://static.bbci.co.uk/wwhp/1.117.0/modules/vendor/pre-built/vwo/mvt-snippet'),
(3, 'http://static.bbci.co.uk/'),
(3, 'http://javascript.nwbox.com/ContentLoaded/'),
(3, 'http://javascript.nwbox.com/ContentLoaded/MIT-LICENSE'),
(3, 'https://fig.bbc.co.uk/frameworks/fig/1/fig.js'),
(3, 'https://mvt.api.bbc.com'),
(3, 'https://sa.bbc.co.uk/bbc/bbc/s'),
(3, 'http://static.bbci.co.uk/frameworks/barlesque/3.21.31/orb/4/script/orb/api.min.js'),
(3, 'http://static.bbci.co.uk/frameworks/barlesque/3.21.31/orb/4/script/orb/font.min.js'),
(3, 'http://static.bbci.co.uk/frameworks/barlesque/3.21.31/orb/4/script/vendor/edr.min.js'),
(3, 'http://static.bbci.co.uk/bbcdotcom/1.70.0/script'),
(3, 'https://www.bbc.com'),
(3, 'http://tps.bbc.com'),
(3, 'https://www.bbc.co.uk'),
(3, 'http://www.bbc.co.uk'),
(3, 'http://static.bbci.co.uk/bbcdotcom/1.70.0/'),
(3, 'http://static.bbci.co.uk/bbcdotcom/1.70.0/script/dist/bbcdotcom.dev.js'),
(3, 'http://static.bbci.co.uk/bbcdotcom/1.70.0/script/dist/bbcdotcom.js'),
(3, 'https://search.bbc.co.uk/search'),
(3, 'https://static.bbc.co.uk/frameworks/jssignals/0.3.6/modules/jssignals-1'),
(3, 'http://www.w3.org/2000/svg'),
(3, 'http://static.bbci.co.uk/wwhp/1.117.0/modules/vendor/pre-built/vwo/mvt-snippet.js'),
(3, 'http://www.bbc.com/'),
(3, 'http://www.bbc.co.uk/'),
(3, 'http://www.bbc.co.uk/alba/'),
(3, 'http://www.bbc.co.uk/cymru/'),
(3, 'http://static.bbci.co.uk/wwhp/1.117.0/responsive/img/apple-touch/apple-touch-180.jpg'),
(3, 'http://static.bbci.co.uk/wwhp/1.117.0/responsive/css/wwhp.min.css'),
(3, 'http://static.bbci.co.uk/wwhp/1.117.0/responsive/css/old-ie.min.css'),
(3, 'http://static.bbci.co.uk/wwhp/1.117.0/modules/vendor/bower/modernizr/modernizr.js'),
(3, 'https://ssl.live.bbc.co.uk/emp/bump-3/ssl'),
(3, 'http://emp.bbci.co.uk/emp/bump-3/bump-3'),
(3, 'http://static.bbci.co.uk/wwhp/1.117.0/'),
(3, 'http://static.bbci.co.uk/frameworks/barlesque/3.21.31/orb/4/img/bbc-blocks-light.png'),
(3, 'http://static.bbci.co.uk/frameworks/barlesque/3.21.31/orb/4/img/bbc-blocks-dark.png'),
(3, 'https://account.bbc.com/account'),
(3, 'http://www.bbc.co.uk/news'),
(3, 'http://www.bbc.com/news'),
(3, 'http://shop.bbc.com/'),
(3, 'http://www.bbc.com/earth/'),
(3, 'http://www.bbc.com/travel/'),
(3, 'http://www.bbc.com/capital/'),
(3, 'http://www.bbc.com/culture/'),
(3, 'http://www.bbc.com/autos/'),
(3, 'http://www.bbc.com/future/'),
(3, 'http://ichef.bbci.co.uk/wwhp/'),
(3, 'http://ichef.bbci.co.uk/wwhp/144/cpsprodpb/17392/production/_98722159_mediaitem98722134.jpg'),
(3, 'http://ichef.bbci.co.uk/wwhp/144/cpsprodpb/F8E0/production/_98721736_northernirelandgetty.jpg'),
(3, 'http://ichef.bbci.co.uk/wwhp/144/ibroadcast/images/live/p0/5m/nr/p05mnr98.jpg'),
(3, 'http://www.bbc.com/culture/story/20171110-the-early-soviet-images-that-foreshadowed-fake-news'),
(3, 'http://www.bbc.com/culture'),
(3, 'http://ichef.bbci.co.uk/wwhp/144/ibroadcast/images/live/p0/5m/p5/p05mp575.jpg'),
(3, 'http://www.bbc.com/capital/story/20171110-your-companys-creeping-interest-in-your-body'),
(3, 'http://www.bbc.com/capital'),
(3, 'https://www.topgear.com/sites/default/files/styles/16x9_1280w/public/videos/image/row_8082.jpg'),
(3, 'https://www.topgear.com/videos/top-gear-drag-races/tg-drag-races-audi-sq7-vs-ford-focus-rs'),
(3, 'http://www.topgear.com/'),
(3, 'http://static.bbci.co.uk/weather/0.5.284/images/icons/individual_56_icons/en_on_light_bg/0.gif'),
(3, 'http://static.bbci.co.uk/weather/0.5.284/images/icons/individual_56_icons/en_on_light_bg/3.gif'),
(3, 'http://static.bbci.co.uk/weather/0.5.284/images/icons/individual_56_icons/en_on_light_bg/7.gif'),
(3, 'http://static.bbci.co.uk/weather/0.5.284/images/icons/individual_56_icons/en_on_light_bg/8.gif'),
(3, 'http://www.bbc.com/travel/story/20171107-the-polish-phrase-that-will-help-you-through-tough-times'),
(3, 'http://www.bbc.com/travel'),
(3, 'http://www.bbc.com/future/story/20171106-the-disease-that-could-change-how-we-drink-coffee'),
(3, 'http://www.bbc.com/future'),
(3, 'http://www.bbc.com/culture/story/20171108-the-it-girl-of-ancient-greece'),
(3, 'http://www.bbc.com/capital/gallery/20171108-five-quirky-solutions-to-open-office-woes'),
(3, 'http://www.bbc.com/culture/story/20171109-the-endless-influence-of-the-bauhaus'),
(3, 'http://www.bbc.com/culture/designed'),
(3, 'http://www.bbc.com/culture/columns/through-the-lens'),
(3, 'http://www.bbc.com/culture/story/20171110-witnessing-the-fall-of-the-berlin-wall-by-mistake'),
(3, 'http://www.bbc.com/news/business-11428889'),
(3, 'http://www.bbc.com/news/business-41913320'),
(3, 'http://www.bbcamerica.com'),
(3, 'http://www.bbcamerica.com/anglophenia/2017/08/bbc-americas-dirk-gently-season-2-official-trailer-is-here'),
(3, 'http://www.bbcamerica.com/schedule/'),
(3, 'http://www.bbcamerica.com/channel-finder/'),
(3, 'http://www.bbc.com/news/world_radio_and_tv/'),
(3, 'http://www.bbc.co.uk/worldnews/programmes/schedules/northamerica'),
(3, 'http://www.bbcnewschannelfinder.com'),
(3, 'http://www.britbox.com/'),
(3, 'https://www.britbox.com/'),
(3, 'http://www.bbccanada.com/'),
(3, 'http://www.cbeebies.com/global/'),
(3, 'http://www.bbckids.ca/'),
(3, 'http://www.bbc.co.uk/worldserviceradio/'),
(3, 'http://www.bbc.co.uk/programmes/p037kk97'),
(3, 'http://www.bbc.com/news/technology-41942314'),
(3, 'http://www.bbc.com/news/business-41935553'),
(3, 'http://www.bbc.com/news/business-41928831'),
(3, 'http://www.bbc.co.uk/news/technology-41923814'),
(3, 'http://www.bbc.co.uk/news/uk-politics-41922823'),
(3, 'http://www.bbc.com/news/world-europe-41923765'),
(3, 'http://www.bbc.com/news/business-41921887'),
(3, 'http://www.bbc.com/news/world-us-canada-41920434'),
(3, 'http://www.bbc.com/news/business-32339576'),
(3, 'http://www.bbc.com/news/business-41818109'),
(3, 'http://www.bbc.com/news/business-12686570'),
(3, 'http://www.bbc.com/news/business-41899753'),
(3, 'http://ichef.bbci.co.uk/wwhp/144/cpsprodpb/17BE0/production/_98684279_ghana1.jpg'),
(3, 'http://ichef.bbci.co.uk/wwhp/144/cpsprodpb/12D12/production/_98647077_page322-obamaanintimateportraitbypetesouza.jpg'),
(3, 'http://ichef.bbci.co.uk/wwhp/144/cpsprodpb/E302/production/_98641185_iom_shorthand_promo976x549.jpg'),
(3, 'http://ichef.bbci.co.uk/wwhp/144/cpsprodpb/A7AB/production/_98632924_manal2.jpg'),
(3, 'http://ichef.bbci.co.uk/wwhp/144/cpsprodpb/16828/production/_98600229_hi042734053.jpg'),
(3, 'http://www.bbc.com'),
(3, 'http://advertising.bbcworldwide.com/'),
(3, 'http://static.bbci.co.uk/frameworks/barlesque/3.21.31/orb/4/'),
(3, 'http://static.bbci.co.uk/frameworks/barlesque/3.21.31/orb/4/script/orb.min.js'),
(4, 'http://ogp.me/ns/fb'),
(4, 'http://ogp.me/ns'),
(4, 'https://static-mh.content.disney.io/starwars/assets/application-a67712fd544b.css'),
(4, 'https://static-mh.content.disney.io/starwars/assets/modals-d5f5e830d7eb.css'),
(4, 'https://static-mh.content.disney.io/starwars/assets/modules-91d1e7cfde49.css'),
(4, 'https://static-mh.content.disney.io/starwars/assets/portals/www.starwars.com/application-d41d8cd98f00.css'),
(4, 'https://static-mh.content.disney.io/matterhorn/assets/goc/basic-fa9a2a75352a.css'),
(4, 'https://static-mh.content.disney.io/matterhorn/assets/m4-7e766c2825c7.eot'),
(4, 'https://static-mh.content.disney.io/matterhorn/assets/m4-b366701d6945.woff'),
(4, 'https://static-mh.content.disney.io/matterhorn/assets/m4-ac909dff444f.ttf'),
(4, 'https://static-mh.content.disney.io/matterhorn/assets/m4-f2487db4f858.svg'),
(4, 'https://static-mh.content.disney.io/matterhorn/assets/goc/basic-043e3dd0b48d.js'),
(4, 'https://secure.starwars.com/_swdid/'),
(4, 'https://static-mh.content.disney.io/starwars/assets/pre_head-7b8aa65e1a82.js'),
(4, 'https://static-mh.content.disney.io/starwars/assets/head-78cd5d27418f.js'),
(4, 'http://www.starwars.com/'),
(4, 'https://plus.google.com/'),
(4, 'http://schema.org'),
(4, 'http://img.lum.dolimg.com/v1/images/starwars_551c43f4.jpeg'),
(4, 'https://lumiere-a.akamaihd.net/v1/images/the-last-jedi-og-b_f4a1b60d.jpeg'),
(4, 'http://www.starwars.com'),
(4, 'http://de.starwars.com'),
(4, 'http://br.starwars.com'),
(4, 'http://www.disney.com/'),
(4, 'https://www.shopdisney.com/'),
(4, 'http://disneyparks.disney.go.com/'),
(4, 'https://disneyworld.disney.go.com/'),
(4, 'https://disneyland.disney.go.com/'),
(4, 'https://disneycruise.disney.go.com/'),
(4, 'https://resorts.disney.go.com/aulani-hawaii-resort'),
(4, 'https://disneyvacationclub.disney.go.com/'),
(4, 'https://www.adventuresbydisney.com/'),
(4, 'http://lol.disney.com/games'),
(4, 'http://video.disney.com/'),
(4, 'https://ohmy.disney.com/'),
(4, 'http://shows.disney.com'),
(4, 'http://movies.disney.com'),
(4, 'http://music.disney.com'),
(4, 'https://family.disney.com/'),
(4, 'https://style.disney.com'),
(4, 'http://liveshows.disney.com'),
(4, 'http://books.disney.com/'),
(4, 'https://search.disney.com/search'),
(4, 'https://lumiere-a.akamaihd.net/v1/images/tlj-header-07_2x_5d5725e3.jpeg'),
(4, 'https://api.disney.com/static/social/flights/latest/disneySocial.js'),
(4, 'https://static-mh.content.disney.io/starwars/assets/avatar/css-override-2414adbfd82a.css'),
(4, 'https://www.facebook.com/StarWars'),
(4, 'http://starwars.tumblr.com/'),
(4, 'https://twitter.com/starwars'),
(4, 'http://instagram.com/starwars'),
(4, 'http://www.youtube.com/user/starwars'),
(4, 'http://www.schema.org/SiteNavigationElement'),
(4, 'https://lumiere-a.akamaihd.net/v1/images/tlj-ticketmodal-logogettickets-1x_227105ac.png'),
(4, 'https://lumiere-a.akamaihd.net/v1/images/tlj-ticketmodal-logogettickets-2x_c704fadc.png'),
(4, 'https://lumiere-a.akamaihd.net/v1/images/button-fandango_45944e58.png'),
(4, 'https://lumiere-a.akamaihd.net/v1/images/fandango-button_2x_ab72d67c.png'),
(4, 'https://www.fandango.com/star-wars-the-last-jedi-2017-189929/movie-overview'),
(4, 'https://lumiere-a.akamaihd.net/v1/images/atomtickets-button_a0eca3ea.png'),
(4, 'https://lumiere-a.akamaihd.net/v1/images/atomtickets-button_2x_d03e4a81.png'),
(4, 'https://www.atomtickets.com/movies/star-wars-the-last-jedi/206406'),
(4, 'https://lumiere-a.akamaihd.net/v1/images/button-movietickets_7a2eda9b.png'),
(4, 'https://lumiere-a.akamaihd.net/v1/images/movietickets-button_2x_26107db8.png'),
(4, 'https://www.movietickets.com/movies/detail/id/mi-206406/name/star-wars-the-last-jedi'),
(4, 'http://www.starwars.com/news/star-wars-the-last-jedi-ticket-offers-and-giveaways'),
(4, 'https://lumiere-a.akamaihd.net/v1/images/tlj-ticketmodal-logogettickets-1x_17447683.png'),
(4, 'https://lumiere-a.akamaihd.net/v1/images/tlj-ticketmodal-logogettickets-2x_cdd54b63.png'),
(4, 'https://lumiere-a.akamaihd.net/v1/images/button-landmark_4e45d3a5.png'),
(4, 'https://www.landmarkcinemas.com/film-info/star-wars-the-last-jedi'),
(4, 'https://lumiere-a.akamaihd.net/v1/images/button-cineplex_f34142f1.png'),
(4, 'https://www.cineplex.com/Movie/star-wars-the-last-jedi'),
(4, 'http://movies.disney.com.au/star-wars-the-last-jedi'),
(4, 'https://static-mh.content.disney.io/starwars/assets/jquery-bd70d7a2f75a.js'),
(4, 'https://static-mh.content.disney.io/starwars/assets/application-c36afd63ea08.js'),
(4, 'https://static-mh.content.disney.io/starwars/assets/portals/www.starwars.com/application-d41d8cd98f00.js'),
(4, 'http://au.starwars.com/in-concert-series'),
(4, 'https://lumiere-a.akamaihd.net/v1/images/au_starars_filmconcerteries_1a00d3fd.jpeg'),
(4, 'http://au.starwars.com/star-wars-at-oz-comic-con'),
(4, 'https://lumiere-a.akamaihd.net/v1/images/image_57d1a45b.jpeg'),
(4, 'http://au.starwars.com/the-latest-australia'),
(4, 'https://lumiere-a.akamaihd.net/v1/images/au_news_thelastjedi_tickets_a32900c8.jpeg'),
(4, 'http://au.starwars.com/fans-at-oz-comic-con'),
(4, 'https://lumiere-a.akamaihd.net/v1/images/image_75e31846.jpeg'),
(4, 'http://au.starwars.com/temeura-morrison-interview'),
(4, 'https://lumiere-a.akamaihd.net/v1/images/59c45f5c0800590001c3a23b-image_04abb0e2.png'),
(4, 'https://lumiere-a.akamaihd.net/v1/images/59c45f5e0800590001c3a23c-image_a099c837.png'),
(4, 'http://au.starwars.com/maz-kanatas-castle-creature-guide'),
(4, 'https://lumiere-a.akamaihd.net/v1/images/au_starwars_mazcreatureguides_grummgar_bazine_0d3cf905.jpeg'),
(4, 'http://au.starwars.com/star-wars-rivals'),
(4, 'https://lumiere-a.akamaihd.net/v1/images/swr_screenshots_01_45335797.jpeg'),
(4, 'http://au.starwars.com/australia-feels-the-force-in-1977'),
(4, 'https://lumiere-a.akamaihd.net/v1/images/open-uri20150608-27674-1naxeqr_73db3dfc.jpeg'),
(4, 'http://en-sg.starwars.com/padawan-training-gallery-experience-the-force-orchard-road'),
(4, 'https://lumiere-a.akamaihd.net/v1/images/padawan_1000-x-500-px_v01_bdf05784.jpeg'),
(4, 'http://en-sg.starwars.com/experience-the-force'),
(4, 'https://lumiere-a.akamaihd.net/v1/images/sw_stb_insignia_1000-x-500px-_v01_9662ec5c.jpeg'),
(4, 'http://en-sg.starwars.com/rogue-one'),
(4, 'https://lumiere-a.akamaihd.net/v1/images/rogueone-athome-starwars-4-3_62d4e1bf.jpeg'),
(4, 'https://175038.tlnk.io/serve'),
(4, 'https://lumiere-a.akamaihd.net/v1/images/forcearena-starwars-4-3_7d2c5ebf.jpeg'),
(4, 'http://en-sg.starwars.com/star-wars-on-lazada-sg'),
(4, 'https://lumiere-a.akamaihd.net/v1/images/lazada-starwars-2-1_adb12e2a.jpeg'),
(4, 'http://en-sg.starwars.com/rogue-ambassador-sg-sabrina'),
(4, 'https://lumiere-a.akamaihd.net/v1/images/sabrina-goh_07988ee7.jpeg'),
(4, 'http://buzz.viddsee.com/always-realistic-pursue-dreams-ang-geck-geck/'),
(4, 'https://lumiere-a.akamaihd.net/v1/images/ang_geck_geck_cover_34f15ddf.jpeg'),
(4, 'https://itunes.apple.com/app/star-wars/id960108075'),
(4, 'https://lumiere-a.akamaihd.net/v1/images/swapp-thumb_400c1267.jpeg'),
(4, 'http://en-my.starwars.com/star-wars-rivals'),
(4, 'https://lumiere-a.akamaihd.net/v1/images/starwarsrival-2-1_e035977b.jpeg'),
(4, 'http://en-my.starwars.com/rogue-one'),
(4, 'http://en-ph.starwars.com/star-wars-rivals'),
(4, 'http://en-ph.starwars.com/rogue-one'),
(4, 'http://www.starwars.com/news/rian-johnson-writer-director-of-star-wars-the-last-jedi-to-create-all-new-star-wars-trilogy'),
(4, 'https://lumiere-a.akamaihd.net/v1/images/rian-johnson-tall-c_70eca565.jpeg'),
(4, 'http://www.starwars.com/news/quiz-what-would-be-your-go-to-force-power'),
(4, 'https://lumiere-a.akamaihd.net/v1/images/5a0497e5f599d800017bc38a-image_83636fba.jpeg'),
(4, 'https://lumiere-a.akamaihd.net/v1/images/599b688750c2fb0001358097-image_cd367697.png'),
(4, 'http://www.starwars.com/news/were-giving-away-sets-of-the-alamo-drafthouses-awesome-mondo-designed-star-wars-the-last-jedi-glasses'),
(4, 'https://lumiere-a.akamaihd.net/v1/images/5a0628ac646ace0001603f78-image_e30cc696.jpeg'),
(4, 'https://lumiere-a.akamaihd.net/v1/images/screen_shot_2017-11-07_at_12_1dfe7f39.png'),
(4, 'http://www.starwars.com/news/stakes-are-high-in-canto-bight-exclusive-excerpt'),
(4, 'https://lumiere-a.akamaihd.net/v1/images/59b9861a41a93600018fd78f-image_18d4301f.jpeg'),
(4, 'http://www.starwars.com/news/my-favorite-scene-i-am-your-father'),
(4, 'https://lumiere-a.akamaihd.net/v1/images/5a047bc6b1d9fd0001fbefdc-image_d65e3bfa.jpeg'),
(4, 'https://lumiere-a.akamaihd.net/v1/images/5a047bc8b1d9fd0001fbefdd-image_caf4648a.png'),
(4, 'http://www.starwars.com/video/battlefront-ii-s-t-j-ramini-star-wars-galactic-nights-news-and-more'),
(4, 'https://lumiere-a.akamaihd.net/v1/images/sws-241-16_8d878d75.jpeg'),
(4, 'http://www.starwars.com/video/disneyxd-rebels-recon-inside-kindred-and-crawler-commandeers'),
(4, 'https://lumiere-a.akamaihd.net/v1/images/rebels-recon-407-408-169_3a53df16.jpeg'),
(4, 'http://www.starwars.com/tv-shows/star-wars-rebels/crawler-commandeers-episode-guide'),
(4, 'https://lumiere-a.akamaihd.net/v1/images/rebels-408-crawler-commandeers_2e8e7448.jpeg'),
(4, 'http://www.starwars.com/tv-shows/star-wars-rebels/kindred-episode-guide'),
(4, 'https://lumiere-a.akamaihd.net/v1/images/rebels-407-kindred_1931ec4b.jpeg'),
(4, 'http://www.starwars.com/news/ranking-rebels-5-highlights-from-crawler-commandeers'),
(4, 'https://lumiere-a.akamaihd.net/v1/images/5a01d65ad13e1c00012fbfcb-image_9d00c73e.jpeg'),
(4, 'https://lumiere-a.akamaihd.net/v1/images/59e64e6e00974f00014bf316-image_1a10db91.jpeg'),
(4, 'http://www.starwars.com/news/ranking-rebels-5-highlights-from-kindred'),
(4, 'https://lumiere-a.akamaihd.net/v1/images/5a01d65ed13e1c00012fbfd0-image_abfbeba5.jpeg'),
(4, 'http://www.starwars.com/video/directing-the-last-jedi'),
(4, 'https://lumiere-a.akamaihd.net/v1/images/rian-mark_4e864d41.jpeg'),
(4, 'http://www.starwars.com/news/here-are-all-of-rian-johnsons-twitter-and-instagram-updates-on-star-wars-the-last-jedi'),
(4, 'https://lumiere-a.akamaihd.net/v1/images/59df738a3ac5f8000196a24b-image_df38a383.jpeg'),
(4, 'http://www.starwars.com/news/here-are-all-of-ron-howards-twitter-and-instagram-updates-on-the-untitled-han-solo-film'),
(4, 'https://lumiere-a.akamaihd.net/v1/images/59c140f53107f20001df10b1-image_ba787fc7.jpeg'),
(4, 'http://www.starwars.com/news/5-highlights-from-the-star-wars-the-last-jedi-trailer'),
(4, 'https://lumiere-a.akamaihd.net/v1/images/59dd08caaf6178000180af48-image_fb5944bf.jpeg'),
(4, 'https://lumiere-a.akamaihd.net/v1/images/59bbc30a1ddba6000121ced0-image_858aac86.jpeg'),
(4, 'http://www.starwars.com/news/official-name-for-the-untitled-han-solo-film-revealed'),
(4, 'https://lumiere-a.akamaihd.net/v1/images/solo-a-star-wars-story-tall-a_5bdbbd76.png'),
(4, 'http://www.starwars.com/news/star-wars-the-last-jedi-theatrical-poster-revealed'),
(4, 'https://lumiere-a.akamaihd.net/v1/images/the-last-jedi-theatrical-poster-tall-a_6a776211.jpeg'),
(4, 'http://www.starwars.com/thelastjedi'),
(4, 'https://lumiere-a.akamaihd.net/v1/images/the-last-jedi-poster-luke-iso_9501f12e.jpeg'),
(4, 'http://www.starwars.com/news/the-last-jedi-speaks'),
(4, 'https://lumiere-a.akamaihd.net/v1/images/59c94c4a0800590001697d2e-image_182f2153.jpeg'),
(4, 'http://www.starwars.com/news/j-j-abrams-to-write-and-direct-star-wars-episode-ix'),
(4, 'https://lumiere-a.akamaihd.net/v1/images/jj-tall-logo-b_ef2fce8e.jpeg'),
(4, 'http://www.starwars.com/news/d23-2017-new-star-wars-the-last-jedi-behind-the-scenes-footage-revealed-and-more'),
(4, 'https://lumiere-a.akamaihd.net/v1/images/image_f6ffb852.jpeg'),
(4, 'https://lumiere-a.akamaihd.net/v1/images/image_ec81af2c.jpeg'),
(4, 'http://www.starwars.com/news/introducing-porgs-the-cute-new-creatures-from-star-wars-the-last-jedi'),
(4, 'https://lumiere-a.akamaihd.net/v1/images/5988b45f7dd8d1000135fd99-image_f2f12db3.jpeg'),
(4, 'https://youtu.be/W4CB5SeBGkI'),
(4, 'https://lumiere-a.akamaihd.net/v1/images/tlj-tv-spot-thumb-v2_dafc8818.jpeg'),
(4, 'http://www.starwars.com/video/official-trailer-star-wars-the-last-jedi'),
(4, 'https://lumiere-a.akamaihd.net/v1/images/sb-official-trailer-thumb_6_0be0c671.jpeg'),
(4, 'http://www.starwars.com/video/star-wars-the-last-jedi-behind-the-scenes'),
(4, 'https://lumiere-a.akamaihd.net/v1/images/tlj-bts-thumbnail_480ea2aa.jpeg'),
(4, 'http://www.starwars.com/news/star-wars-a-new-hope-soundtrack-vinyl-box-set-coming-december-1'),
(4, 'https://lumiere-a.akamaihd.net/v1/images/5a01f869f599d80001c87374-image_980a4a5e.jpeg'),
(4, 'http://www.starwars.com/news/become-a-resistance-mechanic-in-the-new-vr-experience-star-wars-droid-repair-bay'),
(4, 'https://lumiere-a.akamaihd.net/v1/images/59f9e2c9d13e1c0001c62eae-image_bc21e68b.jpeg'),
(4, 'http://www.starwars.com/news/feed-your-inner-sarlacc-with-these-boba-fett-deviled-eggs'),
(4, 'https://lumiere-a.akamaihd.net/v1/images/5a00c09a01817b0001402a2f-image_31857e98.jpeg'),
(4, 'https://lumiere-a.akamaihd.net/v1/images/59c40d577414240001ae5c55-image_bac88604.jpeg'),
(4, 'https://lumiere-a.akamaihd.net/v1/images/this-day_df434af6.png'),
(4, 'http://www.starwars.com/databank/tie-silencer'),
(4, 'https://lumiere-a.akamaihd.net/v1/images/tie-silencer-main-a_9d127916.jpeg'),
(4, 'http://www.starwars.com/databank/the-resistance'),
(4, 'https://lumiere-a.akamaihd.net/v1/images/resistance_9d838437.jpeg'),
(4, 'http://www.starwars.com/databank/the-first-order'),
(4, 'https://lumiere-a.akamaihd.net/v1/images/first-order_8ae2955f.jpeg'),
(4, 'http://www.starwars.com/databank/rose'),
(4, 'https://lumiere-a.akamaihd.net/v1/images/rose_1a4e2232.jpeg'),
(4, 'http://www.starwars.com/databank/rey'),
(4, 'https://lumiere-a.akamaihd.net/v1/images/rey_bddd0f27.jpeg'),
(4, 'http://www.starwars.com/databank/resistance-x-wing'),
(4, 'https://lumiere-a.akamaihd.net/v1/images/resistance-x-wing_9433981f.jpeg'),
(4, 'http://www.starwars.com/databank/resistance-ski-speeder'),
(4, 'https://lumiere-a.akamaihd.net/v1/images/resistance-ski-speeder-b_25397de2.jpeg'),
(4, 'http://www.starwars.com/databank/resistance-bomber'),
(4, 'https://lumiere-a.akamaihd.net/v1/images/resistance-bomber_a2df9e03.jpeg'),
(4, 'http://www.starwars.com/databank/porg'),
(4, 'https://lumiere-a.akamaihd.net/v1/images/porg_f5e77ddb.jpeg'),
(4, 'http://www.starwars.com/databank/poe-dameron'),
(4, 'https://lumiere-a.akamaihd.net/v1/images/poe-dameron_70f5aee2.jpeg'),
(4, 'http://www.starwars.com/databank/luke-skywalker'),
(4, 'https://lumiere-a.akamaihd.net/v1/images/luke-skywalker-main_5a38c454_461eebf5.jpeg'),
(4, 'http://www.starwars.com/databank/leia-organa'),
(4, 'https://lumiere-a.akamaihd.net/v1/images/leia-organa-main_a118aa78.jpeg'),
(4, 'http://www.starwars.com/news/poll-first-star-wars-film'),
(4, 'https://lumiere-a.akamaihd.net/v1/images/image_7b124d5a.jpeg'),
(4, 'http://www.starwars.com/news/i-knew-we-were-doing-something-different-dennis-muren-reflects-on-star-wars-a-new-hope'),
(4, 'https://lumiere-a.akamaihd.net/v1/images/dennis-muren-interview-40th-featured-169_b95d87b3.jpeg'),
(4, 'http://www.starwars.com/news/roger-christian-on-forging-the-lightsaber-hans-blaster-and-more-from-star-wars-a-new-hope'),
(4, 'https://lumiere-a.akamaihd.net/v1/images/image_d8345e8b.jpeg'),
(4, 'http://www.starwars.com/news/paul-huston-on-making-models-and-history-for-star-wars-a-new-hope'),
(4, 'https://lumiere-a.akamaihd.net/v1/images/image_094a8dbb.jpeg'),
(4, 'https://lumiere-a.akamaihd.net/v1/images/image_69088618.jpeg'),
(4, 'http://www.starwars.com/news/5-ways-star-wars-a-new-hope-changed-everything'),
(4, 'https://lumiere-a.akamaihd.net/v1/images/image_178d3627.jpeg'),
(4, 'http://www.starwars.com/news/from-a-certain-point-of-view-what-is-the-best-scene-in-star-wars-a-new-hope'),
(4, 'https://lumiere-a.akamaihd.net/v1/images/image_6b53aac0.jpeg'),
(4, 'http://www.starwars.com/news/40-memorable-moments-in-star-wars-a-new-hope'),
(4, 'https://lumiere-a.akamaihd.net/v1/images/image_27dc81f4.jpeg'),
(4, 'https://lumiere-a.akamaihd.net/v1/images/image_8348bb42.jpeg'),
(4, 'http://www.starwars.com/news/40-years-of-star-wars-anniversary-posters'),
(4, 'https://lumiere-a.akamaihd.net/v1/images/anniversaries-40th-featured-169_2e8ec450.jpeg'),
(4, 'http://www.starwars.com/news/much-to-learn-you-still-have-9-things-you-might-not-know-about-the-aliens-of-star-wars-a-new-hope'),
(4, 'https://lumiere-a.akamaihd.net/v1/images/image_8805cdbf.jpeg'),
(4, 'https://lumiere-a.akamaihd.net/v1/images/image_9d61fab7.jpeg'),
(4, 'http://www.starwars.com/news/7-things-you-didnt-know-about-the-original-star-wars-poster'),
(4, 'https://lumiere-a.akamaihd.net/v1/images/pv-poster-40th-featured-169-adjusted_5a361c83.jpeg'),
(4, 'https://lumiere-a.akamaihd.net/v1/images/image_50a22438.jpeg'),
(4, 'http://www.starwars.com/news/40-memorable-star-wars-quotes'),
(4, 'https://lumiere-a.akamaihd.net/v1/images/image_50a403dd.jpeg'),
(4, 'https://lumiere-a.akamaihd.net/v1/images/image_eccbb1c6.jpeg'),
(4, 'http://www.starwars.com/news/the-battle-of-yavin-in-gelatin'),
(4, 'https://lumiere-a.akamaihd.net/v1/images/image_4654da70.jpeg'),
(4, 'https://lumiere-a.akamaihd.net/v1/images/image_0ed58819.jpeg'),
(4, 'http://www.starwars.com/video/rogue-one-a-star-wars-story-intro-featurette'),
(4, 'https://lumiere-a.akamaihd.net/v1/images/image_abcc19ff.jpeg'),
(4, 'http://www.starwars.com/video/rogue-one-a-star-wars-story-scoring-highlights'),
(4, 'https://lumiere-a.akamaihd.net/v1/images/ro-scoring-highlights-thumbnail_e8f8e25f.jpeg'),
(4, 'http://www.starwars.com/video/one-world-two-movies'),
(4, 'https://lumiere-a.akamaihd.net/v1/images/image_1eb3c47c.jpeg'),
(4, 'http://www.starwars.com/video/2007-rose-parade-star-wars-spectacular-highlights'),
(4, 'https://lumiere-a.akamaihd.net/v1/images/Screen-Shot-2015-01-06-at-9_b2125efa.jpeg'),
(4, 'http://www.starwars.com/video/a-jigsaw-puzzle'),
(4, 'https://lumiere-a.akamaihd.net/v1/images/image_ecee3f97.jpeg'),
(4, 'http://www.starwars.com/video/a-pirate-s-life'),
(4, 'https://lumiere-a.akamaihd.net/v1/images/image_155517b7.jpeg'),
(4, 'http://www.starwars.com/video/a-tour-behind-the-clone-wars'),
(4, 'https://lumiere-a.akamaihd.net/v1/images/514ef132ddd9d0ef57aa6d563c4705a5ba21b1d1.jpeg'),
(4, 'http://www.starwars.com/video/a-twinkle-beyond-pluto'),
(4, 'https://lumiere-a.akamaihd.net/v1/images/Screen_Shot_2014-06-27_at_8_148dc484.png'),
(4, 'http://www.starwars.com/video/a-wretched-hive-the-coruscant-underworld'),
(4, 'https://lumiere-a.akamaihd.net/v1/images/image_5fbd9dea.jpeg'),
(4, 'http://www.starwars.com/video/air-conditioner-conversations-sounds-in-space'),
(4, 'https://lumiere-a.akamaihd.net/v1/images/air-conditioner-SW_45542d28.jpeg'),
(4, 'http://www.starwars.com/video/alan-s-humor'),
(4, 'https://lumiere-a.akamaihd.net/v1/images/alans-humor-rogue-one-bts-thumb_f8f10e60.jpeg'),
(4, 'http://www.starwars.com/video/all-i-need-is-an-idea'),
(4, 'https://lumiere-a.akamaihd.net/v1/images/image_8b5b4814.jpeg'),
(4, 'https://lumiere-a.akamaihd.net/v1/images/padawan_1000-x-1000-px_v01_1_75191d8c.jpeg'),
(4, 'https://lumiere-a.akamaihd.net/v1/images/sw_stb_insignia_1000-x-1000-px_v01_b6a0a5d9.jpeg'),
(4, 'https://lumiere-a.akamaihd.net/v1/images/rogueone-athome-starwars-1-1_2604ccb2.jpeg'),
(4, 'https://lumiere-a.akamaihd.net/v1/images/forcearena-starwars-1-1_f26999b3.jpeg'),
(4, 'https://lumiere-a.akamaihd.net/v1/images/lazada-starwars-1-1_741cd5d6.jpeg'),
(4, 'https://lumiere-a.akamaihd.net/v1/images/starwarsrival-1-1_cdb5d0bb.jpeg'),
(4, 'https://lumiere-a.akamaihd.net/v1/images/au_starars_filmconcerteries_mobile_290f3a30.jpeg'),
(4, 'https://lumiere-a.akamaihd.net/v1/images/international-top-module_df02d45e.png'),
(4, 'https://lumiere-a.akamaihd.net/v1/images/international-top-module_2x_05729b0e.png'),
(4, 'https://lumiere-a.akamaihd.net/v1/images/international-top-module-mobile_4b55fa89.png'),
(4, 'https://lumiere-a.akamaihd.net/v1/images/international-top-module-mobile_2x_fcc35d95.png'),
(4, 'https://di-mhugc-us-prod-1.appspot.com'),
(4, 'https://api.disney.com'),
(4, 'http://latino.starwars.com'),
(4, 'https://lumiere-a.akamaihd.net/v1/images/es-international-top-module_5c739f70.png'),
(4, 'https://lumiere-a.akamaihd.net/v1/images/es-international-top-module_2x_4c0ce4be.png'),
(4, 'https://lumiere-a.akamaihd.net/v1/images/es-international-top-module-mobile_e9cfe089.png'),
(4, 'https://lumiere-a.akamaihd.net/v1/images/es-international-top-module-mobile_2x_0abb6932.png'),
(4, 'https://lumiere-a.akamaihd.net/v1/images/br-international-top-module_d088c00a.png'),
(4, 'https://lumiere-a.akamaihd.net/v1/images/br-international-top-module_2x_a42d34fe.png'),
(4, 'https://lumiere-a.akamaihd.net/v1/images/br-international-top-module-mobile_1c2cac24.png'),
(4, 'https://lumiere-a.akamaihd.net/v1/images/br-international-top-module-mobile_2x_ced98d9e.png'),
(4, 'http://th-th.starwars.com'),
(4, 'https://lumiere-a.akamaihd.net/v1/images/thai-top-module_76653a47.png'),
(4, 'https://lumiere-a.akamaihd.net/v1/images/thai-top-module_2x_e7aadfe3.png'),
(4, 'https://lumiere-a.akamaihd.net/v1/images/thai-mobile-module_c34ca23f.png'),
(4, 'https://lumiere-a.akamaihd.net/v1/images/thai-mobile-module_2x_19cd0f13.png'),
(4, 'http://id-id.starwars.com'),
(4, 'https://lumiere-a.akamaihd.net/v1/images/in-top-module_1f1455a8.png'),
(4, 'https://lumiere-a.akamaihd.net/v1/images/in-top-module_2x_c1bef42c.png'),
(4, 'https://lumiere-a.akamaihd.net/v1/images/in-mobile-module_f818a7af.png'),
(4, 'https://lumiere-a.akamaihd.net/v1/images/in-mobile-module_2x_76557d88.png'),
(4, 'https://lumiere-a.akamaihd.net/v1/images/padawan_1000-x-563-px_v01_1_3e5a3d22.jpeg'),
(4, 'https://lumiere-a.akamaihd.net/v1/images/padawan_1000-x-750-px_v01_1_ed2aa70a.jpeg'),
(4, 'https://lumiere-a.akamaihd.net/v1/images/sw_stb_insignia_1000-x-563px-_v01_95370704.jpeg'),
(4, 'https://lumiere-a.akamaihd.net/v1/images/sw_stb_insignia_1000-x-750px-_v01_025a3720.jpeg'),
(4, 'https://lumiere-a.akamaihd.net/v1/images/rogueone-athome-starwars-16-9_a7c0f2eb.jpeg'),
(4, 'https://lumiere-a.akamaihd.net/v1/images/rogueone-athome-starwars-2-1_2b98bf50.jpeg'),
(4, 'https://lumiere-a.akamaihd.net/v1/images/forcearena-starwars-16-9_e687a07e.jpeg'),
(4, 'https://lumiere-a.akamaihd.net/v1/images/forcearena-starwars-2-1_2383405f.jpeg'),
(4, 'https://lumiere-a.akamaihd.net/v1/images/lazada-starwars-16-9_027f7998.jpeg'),
(4, 'https://lumiere-a.akamaihd.net/v1/images/lazada-starwars-4-3_95e8569a.jpeg'),
(4, 'https://lumiere-a.akamaihd.net/v1/images/starwarsrival-16-9_16bc8d69.jpeg'),
(4, 'https://lumiere-a.akamaihd.net/v1/images/starwarsrival-4-3_13338723.jpeg'),
(4, 'http://www.starwars.com/embed/55d7e1d6f9cfabed0b47e5a6'),
(4, 'https://lumiere-a.akamaihd.net/v1/images/image_25744566.jpeg'),
(4, 'https://lumiere-a.akamaihd.net/v1/images/sws-241-thumb-final-1_982232ce.jpeg'),
(4, 'https://lumiere-a.akamaihd.net/v1/images/59fc743501817b0001a2ee76-image_1534a446.jpeg'),
(4, 'http://www.starwars.com/news/how-jedi-challenges-brings-star-wars-to-life-at-home'),
(4, 'https://lumiere-a.akamaihd.net/v1/images/59fb53f101817b0001a2e2d9-image_83422e55.jpeg'),
(4, 'http://www.starwars.com/news/poll-what-is-your-favorite-star-wars-rebels-creature'),
(4, 'http://www.starwars.com/embed/55d571f7b3062bed0b47e5a6'),
(4, 'https://lumiere-a.akamaihd.net/v1/images/image_7b38fe52.jpeg'),
(4, 'https://lumiere-a.akamaihd.net/v1/images/rebels-recon-407-408-swcom-square_759e4446.jpeg'),
(4, 'https://itunes.apple.com/us/tv-season/star-wars-rebels-season-4/id1280660463'),
(4, 'https://www.amazon.com/gp/video/detail/B076GZF9RY'),
(4, 'http://www.starwars.com/embed/55c765f9b00a07cf2bb99b82'),
(4, 'https://lumiere-a.akamaihd.net/v1/images/image_9e173c8c.jpeg'),
(4, 'http://www.starwars.com/embed/55b27f32073647cf2bb99b82'),
(4, 'http://www.starwars.com/embed/5548b4fecf87cb31138c2eaf'),
(4, 'https://lumiere-a.akamaihd.net/v1/images/image_f252b9b2.jpeg'),
(4, 'https://lumiere-a.akamaihd.net/v1/images/kylo-ren_fa163069.jpeg'),
(4, 'http://www.starwars.com/databank/kylo-ren'),
(4, 'https://lumiere-a.akamaihd.net/v1/images/first-order-tie-fighter_a795ceaf.jpeg'),
(4, 'http://www.starwars.com/databank/first-order-tie-fighter'),
(4, 'https://lumiere-a.akamaihd.net/v1/images/first-order-stormtrooper-executioner_d7e57869.jpeg'),
(4, 'http://www.starwars.com/databank/first-order-stormtrooper-executioner'),
(4, 'https://lumiere-a.akamaihd.net/v1/images/first-order-dreadnought_ae4dd359.jpeg'),
(4, 'http://www.starwars.com/databank/first-order-dreadnought'),
(4, 'https://lumiere-a.akamaihd.net/v1/images/finn_450f054b.jpeg'),
(4, 'http://www.starwars.com/databank/finn'),
(4, 'https://lumiere-a.akamaihd.net/v1/images/elite-praetorian-guards_a3d72a21.jpeg'),
(4, 'http://www.starwars.com/databank/elite-praetorian-guard'),
(4, 'https://lumiere-a.akamaihd.net/v1/images/crait_8878cb62.jpeg'),
(4, 'http://www.starwars.com/databank/crait'),
(4, 'https://lumiere-a.akamaihd.net/v1/images/canto-bight_6782d4fa.jpeg'),
(4, 'http://www.starwars.com/databank/canto-bight'),
(4, 'https://lumiere-a.akamaihd.net/v1/images/image_6ab26fa1.jpeg'),
(4, 'http://www.starwars.com/news/darth-vader-reborn-the-story-of-hasbros-stunning-new-black-series-figure'),
(4, 'https://lumiere-a.akamaihd.net/v1/images/image_fcd54e44.jpeg'),
(4, 'https://lumiere-a.akamaihd.net/v1/images/image_e0f08d18.jpeg'),
(4, 'http://www.starwars.com/news/from-kenner-to-kylo-meet-mark-boudreaux-star-wars-toy-designer-for-40-years'),
(4, 'https://lumiere-a.akamaihd.net/v1/images/image_e5c0ec5a.jpeg'),
(4, 'http://www.starwars.com/news/star-wars-at-40-memories-of-seeing-star-wars-in-1977'),
(4, 'https://lumiere-a.akamaihd.net/v1/images/image_187a81e3.jpeg'),
(4, 'https://lumiere-a.akamaihd.net/v1/images/image_8fe57707.jpeg'),
(4, 'http://www.starwars.com/news/star-wars-original-reviews-1977'),
(4, 'http://www.starwars.com/embed/5454e9f4e9804a552e3524c8'),
(4, 'https://lumiere-a.akamaihd.net/v1/images/r1-featurette-11-17-yt_9b401d61.jpeg'),
(4, 'http://www.starwars.com/embed/5454e2f995dfaa552e3524c8'),
(4, 'http://www.starwars.com/embed/4e37fab3e0f550dd33f20402'),
(4, 'http://www.starwars.com/films/star-wars-episode-iii-revenge-of-the-sith'),
(4, 'http://www.starwars.com/embed/4fd4fad04988561f959cd366'),
(4, 'https://lumiere-a.akamaihd.net/v1/images/image_626b9a33.jpeg'),
(4, 'http://www.starwars.com/embed/4e383dc287cb24fa107d80cd'),
(4, 'http://www.starwars.com/films/star-wars-episode-ii-attack-of-the-clones'),
(4, 'http://www.starwars.com/embed/4e69f4db7cd7f4a8aa209ee2'),
(4, 'http://www.starwars.com/tv-shows/star-wars-the-clone-wars'),
(4, 'http://www.starwars.com/embed/4e6291e9148f7178b08c5fd7'),
(4, 'http://www.starwars.com/embed/4e38589193ef7694ba5e49bb'),
(4, 'https://lumiere-a.akamaihd.net/v1/images/image_b2e139e0.jpeg'),
(4, 'http://www.starwars.com/embed/4e6a2a7ba46d75ebb5601b28'),
(4, 'http://www.starwars.com/embed/5132792504955bda44c0f90e'),
(4, 'https://lumiere-a.akamaihd.net/v1/images/image_9cac9bc5.jpeg'),
(4, 'http://www.starwars.com/embed/558a043961a366a74254b59c'),
(4, 'http://www.starwars.com/embed/4e37b7af6fbf46e7dd00a02e'),
(4, 'http://www.starwars.com/films/star-wars-episode-i-the-phantom-menace'),
(4, 'https://lumiere-a.akamaihd.net/v1/images/image_64585507.jpeg'),
(4, 'http://www.starwars.com/embed/4e687d5b1452a7e4cf3bb0ae'),
(4, 'http://www.starwars.com/video/altar-of-mortis-episode-featurette'),
(4, 'https://lumiere-a.akamaihd.net/v1/images/image_ae3ec611.jpeg'),
(4, 'http://www.starwars.com/embed/4e6269ad8364368d53be6ab0'),
(4, 'http://www.starwars.com/video/ambush-episode-featurette'),
(4, 'https://lumiere-a.akamaihd.net/v1/images/angry-birds-ii-making-of-pork-side_c7de9c0f.jpeg'),
(4, 'http://www.starwars.com/embed/4f730a770586ad468212f1b0'),
(4, 'https://lumiere-a.akamaihd.net/v1/images/image_2e735985.jpeg'),
(4, 'http://www.starwars.com/video/angry-birds-star-wars-ii-the-making-of-join-the-pork-side'),
(4, 'https://lumiere-a.akamaihd.net/v1/images/animating-darth-maul_6bf5a9e8.jpeg'),
(4, 'http://www.starwars.com/embed/4e628487c897547ef7a1b2f8'),
(4, 'https://lumiere-a.akamaihd.net/v1/images/image_2f74671a.jpeg'),
(4, 'http://www.starwars.com/video/animating-darth-maul'),
(4, 'https://lumiere-a.akamaihd.net/v1/images/64d893da6f5f838bd166c885d42c616b5b086404.jpeg'),
(4, 'http://www.starwars.com/embed/4e63ab954a97e49ab0ab0410'),
(4, 'http://www.starwars.com/video/arc-troopers-episode-featurette'),
(4, 'https://lumiere-a.akamaihd.net/v1/images/Screen_Shot_2015-04-08_at_11_8efd389c.jpeg'),
(4, 'http://www.starwars.com/embed/5132e42aaf8a68897974d0a3'),
(4, 'https://lumiere-a.akamaihd.net/v1/images/image_e83a6f1b.jpeg'),
(4, 'http://www.starwars.com/video/r2-s-arms-scrap-into-gold'),
(4, 'https://lumiere-a.akamaihd.net/v1/images/image_ef6a695c.jpeg'),
(4, 'http://www.starwars.com/embed/4e68a596c4ca5d2028ae4d74'),
(4, 'http://www.starwars.com/video/assassin-episode-featurette'),
(4, 'https://lumiere-a.akamaihd.net/v1/images/image_da391524.jpeg'),
(4, 'http://www.starwars.com/embed/4e383dc0003ae4fa107d80cd'),
(4, 'http://www.starwars.com/video/assistant-directors'),
(4, 'https://lumiere-a.akamaihd.net/v1/images/image_f7509618.jpeg'),
(4, 'http://www.starwars.com/embed/4e3865fac7b6873ebc011249'),
(4, 'http://www.starwars.com/video/bad-droid-karma'),
(4, 'https://lumiere-a.akamaihd.net/v1/images/image_427f80ac_aaace39a.jpeg'),
(4, 'http://www.starwars.com/embed/4f731770bc66cb4e9d75aade'),
(4, 'https://lumiere-a.akamaihd.net/v1/images/image_427f80ac.jpeg'),
(4, 'http://www.starwars.com/video/battle-of-teth'),
(4, 'https://lumiere-a.akamaihd.net/v1/images/screen_shot_2015-12-17_at_11_7748f204.jpeg'),
(4, 'http://www.starwars.com/embed/52709de1eeedfb1df0721db3'),
(4, 'http://www.starwars.com/films/star-wars-episode-vii-the-force-awakens'),
(4, 'http://www.starwars.com/video/bb-8-from-sketch-to-screen-star-wars-the-force-awakens-featurette'),
(4, 'https://lumiere-a.akamaihd.net/v1/images/image_5459d493.jpeg'),
(4, 'http://www.starwars.com/embed/4e37b7a2c273e6e7dd00a02e'),
(4, 'http://www.starwars.com/video/becoming-obi-wan'),
(4, 'https://lumiere-a.akamaihd.net/v1/images/image_a2239568.jpeg'),
(4, 'http://www.starwars.com/embed/4e37b7ad448356e7dd00a02e'),
(4, 'http://www.starwars.com/video/becoming-sidious'),
(4, 'https://lumiere-a.akamaihd.net/v1/images/image_875ff0bb.jpeg'),
(4, 'http://www.starwars.com/embed/4e6277174ee45c5319391340'),
(4, 'http://www.starwars.com/video/behind-the-battle-of-umbara'),
(4, 'https://lumiere-a.akamaihd.net/v1/images/image_aada3574.jpeg'),
(4, 'http://www.starwars.com/embed/4e37aa3e6906948817f110bf'),
(4, 'http://www.starwars.com/video/behind-the-curtain'),
(4, 'https://lumiere-a.akamaihd.net/v1/images/image_09c458a5.jpeg'),
(4, 'http://www.starwars.com/embed/4f7331c19f2c35229b8356c1'),
(4, 'http://www.starwars.com/video/behind-the-scenes-ambush'),
(4, 'https://lumiere-a.akamaihd.net/v1/images/image_907892e5.jpeg'),
(4, 'http://www.starwars.com/embed/4f734c1be735c0fd50dc1a23'),
(4, 'http://www.starwars.com/video/behind-the-scenes-lair-of-grievous'),
(4, 'https://lumiere-a.akamaihd.net/v1/images/image_45ed7b15.jpeg'),
(4, 'http://www.starwars.com/embed/4f731766f69a0b4e9d75aade'),
(4, 'http://www.starwars.com/video/behind-the-scenes-trespass'),
(4, 'https://lumiere-a.akamaihd.net/v1/images/Screen_Shot_2015-01-19_at_4_88f614e4.png'),
(4, 'http://www.starwars.com/embed/509d02cabb5fbd1094329d2c'),
(4, 'http://www.starwars.com/films/star-wars-episode-v-the-empire-strikes-back'),
(4, 'https://lumiere-a.akamaihd.net/v1/images/image_19c62add.png'),
(4, 'http://www.starwars.com/video/ben-burtt-interview-chewbacca-s-voice'),
(4, 'https://lumiere-a.akamaihd.net/v1/images/image_908b9f75.png'),
(4, 'http://www.starwars.com/embed/509d02cdcb8ced1094329d2c'),
(4, 'http://www.starwars.com/video/ben-burtt-interview-the-challenge-of-the-empire-strikes-back'),
(4, 'https://lumiere-a.akamaihd.net/v1/images/image_2981c87c.png'),
(4, 'http://www.starwars.com/embed/509cf56acb4a4ecface719db'),
(4, 'http://www.starwars.com/video/ben-burtt-interview-the-imperial-walkers'),
(4, 'https://lumiere-a.akamaihd.net/v1/images/image_cb3f6856.png'),
(4, 'http://www.starwars.com/embed/509cf566715ececface719db'),
(4, 'http://www.starwars.com/video/ben-burtt-interview-the-sound-of-darth-vader'),
(4, 'https://lumiere-a.akamaihd.net/v1/images/image_bff04f22.png'),
(4, 'http://www.starwars.com/embed/509cf56f506efecface719db'),
(4, 'http://www.starwars.com/video/ben-burtt-interview-the-sound-of-explosions-in-star-wars'),
(4, 'https://lumiere-a.akamaihd.net/v1/images/Screen_Shot_2015-04-08_at_5_edf447ab.jpeg'),
(4, 'http://www.starwars.com/embed/509d02dfaeed0d1094329d2c'),
(4, 'https://lumiere-a.akamaihd.net/v1/images/image_19e9816d.png'),
(4, 'http://www.starwars.com/video/ben-burtt-interview-the-sound-of-lightsabers'),
(4, 'https://lumiere-a.akamaihd.net/v1/images/best-costumes-sw_f0def5d2.jpeg'),
(4, 'http://www.starwars.com/embed/51583b1d0114f0c466cff43f'),
(4, 'http://www.starwars.com/video/best-costumes-starwars-com-10'),
(4, 'https://lumiere-a.akamaihd.net/v1/images/image_35bc582c.jpeg'),
(4, 'http://www.starwars.com/embed/4e37dfed1543b247017f0788'),
(4, 'http://www.starwars.com/video/blu-ray-preview-behind-the-x-wing'),
(4, 'https://lumiere-a.akamaihd.net/v1/images/building-podracers_b9d1faa5.jpeg'),
(4, 'https://lumiere-a.akamaihd.net/v1/images/building-podracers_cc2d86e2.jpeg'),
(4, 'http://www.starwars.com/embed/4e37dfe8ca164247017f0788'),
(4, 'https://lumiere-a.akamaihd.net/v1/images/image_6d7da5ec.jpeg'),
(4, 'http://www.starwars.com/video/blu-ray-preview-building-podracers'),
(4, 'https://lumiere-a.akamaihd.net/v1/images/image_92b801aa.jpeg'),
(4, 'http://www.starwars.com/embed/4e634db1db72f90905601893'),
(4, 'http://www.starwars.com/video/blue-shadow-virus-episode-featurette'),
(4, 'https://lumiere-a.akamaihd.net/v1/images/sws-ro-explained-title-card-final_1e007491_e06438bb.jpeg'),
(4, 'http://www.starwars.com/embed/54690d1e6c42e5f09a0fb097'),
(4, 'https://lumiere-a.akamaihd.net/v1/images/image_67b237c4.jpeg'),
(4, 'https://lumiere-a.akamaihd.net/v1/images/sws-rosecrets-swcom-square_ddc90363.jpeg'),
(4, 'https://lumiere-a.akamaihd.net/v1/images/sws-ro-explained-title-card-final_1e007491.jpeg'),
(4, 'https://lumiere-a.akamaihd.net/v1/images/sws-rosecrets-swcom-4-3_6e397ce6.jpeg'),
(4, 'http://www.starwars.com/video/rogue-one-secrets-explained'),
(4, 'https://lumiere-a.akamaihd.net/v1/images/EP5_BTS_783_a7666531.jpeg'),
(4, 'http://www.starwars.com/behind-the-scenes'),
(4, 'https://3944448.fls.doubleclick.net/activityi'),
(4, 'http://schema.org/WPFooter'),
(4, 'http://disneytermsofuse.com/'),
(4, 'http://disney.go.com/guestservices/legalnotices'),
(4, 'http://disneyprivacycenter.com/'),
(4, 'https://disneyprivacycenter.com/kids-privacy-policy/english/'),
(4, 'https://disneyprivacycenter.com/notice-to-california-residents/'),
(4, 'http://www.shopdisney.com/star-wars'),
(4, 'http://help.starwars.com'),
(4, 'http://preferences-mgr.truste.com/'),
(4, 'http://ctologger01.analytics.go.com/cto');

-- --------------------------------------------------------

--
-- Table structure for table `sites`
--

DROP TABLE IF EXISTS `sites`;
CREATE TABLE `sites` (
  `site_id` int(11) NOT NULL,
  `site` varchar(255) COLLATE utf8_bin NOT NULL,
  `date` datetime NOT NULL
) ENGINE=InnoDB DEFAULT CHARSET=utf8 COLLATE=utf8_bin;

--
-- Dumping data for table `sites`
--

INSERT INTO `sites` (`site_id`, `site`, `date`) VALUES
(1, 'http://google.com', '2017-11-12 15:27:22'),
(2, 'http://cnn.com', '2017-11-12 15:27:25'),
(3, 'http://bbc.com', '2017-11-12 15:27:29'),
(4, 'http://www.starwars.com', '2017-11-12 15:27:34');

--
-- Indexes for dumped tables
--

--
-- Indexes for table `actors`
--
ALTER TABLE `actors`
  ADD PRIMARY KEY (`id`);

--
-- Indexes for table `corps`
--
ALTER TABLE `corps`
  ADD PRIMARY KEY (`id`);

--
-- Indexes for table `sitelinks`
--
ALTER TABLE `sitelinks`
  ADD KEY `site_id` (`site_id`);

--
-- Indexes for table `sites`
--
ALTER TABLE `sites`
  ADD PRIMARY KEY (`site_id`);

--
-- AUTO_INCREMENT for dumped tables
--

--
-- AUTO_INCREMENT for table `actors`
--
ALTER TABLE `actors`
  MODIFY `id` int(10) UNSIGNED NOT NULL AUTO_INCREMENT, AUTO_INCREMENT=6;
--
-- AUTO_INCREMENT for table `corps`
--
ALTER TABLE `corps`
  MODIFY `id` mediumint(8) UNSIGNED NOT NULL AUTO_INCREMENT, AUTO_INCREMENT=132;
--
-- AUTO_INCREMENT for table `sites`
--
ALTER TABLE `sites`
  MODIFY `site_id` int(11) NOT NULL AUTO_INCREMENT, AUTO_INCREMENT=5;
--
-- Constraints for dumped tables
--

--
-- Constraints for table `sitelinks`
--
ALTER TABLE `sitelinks`
  ADD CONSTRAINT `sitelinks_ibfk_1` FOREIGN KEY (`site_id`) REFERENCES `sites` (`site_id`);

/*!40101 SET CHARACTER_SET_CLIENT=@OLD_CHARACTER_SET_CLIENT */;
/*!40101 SET CHARACTER_SET_RESULTS=@OLD_CHARACTER_SET_RESULTS */;
/*!40101 SET COLLATION_CONNECTION=@OLD_COLLATION_CONNECTION */;
